{
  "timestamp": "2026-01-27T06:56:59.586Z",
  "iterations": 10000,
  "comparableMethods": [
    "parse",
    "format"
  ],
  "rsOnlyMethods": [
    "parseToJson",
    "parseToString",
    "validate"
  ],
  "dialects": [
    "mysql",
    "postgresql",
    "sqlite"
  ],
  "size": {
    "sqlparserRs": 6633430,
    "nodeSqlParser": 92373153,
    "ratio": 13.9,
    "reduction": 92.8
  },
  "speed": {
    "mysql": {
      "queries": {
        "simple": 55,
        "medium": 55,
        "complex": 53,
        "total": 163
      },
      "parse": {
        "rs": {
          "simple": 8668.095875,
          "medium": 16010.277041999998,
          "complex": 30768.645917,
          "total": 55447.018834
        },
        "node": {
          "simple": 14952.358457999999,
          "medium": 30532.556334,
          "complex": 59211.10345800001,
          "total": 104696.01825000001
        }
      },
      "format": {
        "rs": {
          "simple": 3416.889750000002,
          "medium": 7223.345709000016,
          "complex": 14303.416832999996,
          "total": 24943.652292000013
        },
        "node": {
          "simple": 18348.835708000028,
          "medium": 34781.730625,
          "complex": 67438.349709,
          "total": 120568.91604200003
        }
      },
      "parseToJson": {
        "rs": {
          "simple": 12956.92745800002,
          "medium": 25558.426582999993,
          "complex": 51013.73137500003,
          "total": 89529.08541600005
        }
      },
      "parseToString": {
        "rs": {
          "simple": 3240.75229199999,
          "medium": 6521.383334000013,
          "complex": 13672.862083999964,
          "total": 23434.997709999967
        }
      },
      "validate": {
        "rs": {
          "simple": 2769.2757499999716,
          "medium": 5580.49887499999,
          "complex": 11993.387833999994,
          "total": 20343.162458999956
        }
      }
    },
    "postgresql": {
      "queries": {
        "simple": 55,
        "medium": 55,
        "complex": 53,
        "total": 163
      },
      "parse": {
        "rs": {
          "simple": 9136.40279100003,
          "medium": 16636.034207999997,
          "complex": 30838.64049999998,
          "total": 56611.077499000006
        },
        "node": {
          "simple": 25857.18424999999,
          "medium": 42917.89708299999,
          "complex": 88394.40554199996,
          "total": 157169.48687499994
        }
      },
      "format": {
        "rs": {
          "simple": 3362.742709000013,
          "medium": 6902.912374999956,
          "complex": 14214.547874999931,
          "total": 24480.2029589999
        },
        "node": {
          "simple": 28404.783375,
          "medium": 47150.09670900006,
          "complex": 98178.74891600001,
          "total": 173733.62900000007
        }
      },
      "parseToJson": {
        "rs": {
          "simple": 13003.958875000011,
          "medium": 25868.677916999906,
          "complex": 52132.42749999999,
          "total": 91005.06429199991
        }
      },
      "parseToString": {
        "rs": {
          "simple": 3362.2032500000205,
          "medium": 6759.096082999953,
          "complex": 14247.308957999921,
          "total": 24368.608290999895
        }
      },
      "validate": {
        "rs": {
          "simple": 2860.769667000044,
          "medium": 5776.401084000012,
          "complex": 12460.791541999904,
          "total": 21097.96229299996
        }
      }
    },
    "sqlite": {
      "queries": {
        "simple": 55,
        "medium": 55,
        "complex": 53,
        "total": 163
      },
      "parse": {
        "rs": {
          "simple": 9035.892083000042,
          "medium": 16343.168583000079,
          "complex": 30367.597667000024,
          "total": 55746.658333000145
        },
        "node": {
          "simple": 11639.423624999938,
          "medium": 24385.454750000034,
          "complex": 47322.50595899997,
          "total": 83347.38433399994
        }
      },
      "format": {
        "rs": {
          "simple": 3328.798082999885,
          "medium": 7039.7169170000125,
          "complex": 13323.308416000102,
          "total": 23691.823416
        },
        "node": {
          "simple": 14182.315500000026,
          "medium": 28024.89191600005,
          "complex": 53743.07983299997,
          "total": 95950.28724900004
        }
      },
      "parseToJson": {
        "rs": {
          "simple": 12769.404417000012,
          "medium": 26349.416499999817,
          "complex": 51776.79879099992,
          "total": 90895.61970799975
        }
      },
      "parseToString": {
        "rs": {
          "simple": 3345.1472499999218,
          "medium": 7167.56879200018,
          "complex": 13742.335625000065,
          "total": 24255.051667000167
        }
      },
      "validate": {
        "rs": {
          "simple": 2932.238917000126,
          "medium": 6547.512250000145,
          "complex": 12019.250332999974,
          "total": 21499.001500000246
        }
      }
    }
  }
}